{"musica": {"music_file": "Toby Fox - Megalovania.mp3", "file_delay": 0, "BPM": 120, "labels": [9, 10, 12, 14, 15, 19, 20, 21, 24, 26, 27, 30, 31, 32, 34, 35, 36, 37, 40, 42, 44, 46, 47, 47, 50, 51, 51, 53], "notes": [], "keyfields": [3, 3, 0, 1, 2, 0, 1, 3, 1, 2, 0, 1, 2, 0, 3, 3, 0, 3, 1, 2, 0, 1, 0, 1, 1, 3, 3, 0], "slow_notes": [0, 2], "slow_durations": [3.0434782608695654, 11, 8.130434782608695, 10.173913043478262, 1], "fake_notes": [], "speed": 2.0}, " my music": {"music_file": " ./algo", "file_delay": 100, "BPM": 59, "labels": [], "notes": [], "keyfields": [], "slow_notes": [], "slow_durations": [], "fake_notes": [], "speed": 2}}